__MigrationHistory,MigrationId,nvarchar,300,0,0,NO,NO,NO
__MigrationHistory,ContextKey,nvarchar,600,0,0,NO,NO,NO
__MigrationHistory,Model,varbinary,-1,0,0,NO,NO,NO
__MigrationHistory,ProductVersion,nvarchar,64,0,0,NO,NO,NO
AdminReviews,ReviewId,int,4,10,0,NO,YES,NO
AdminReviews,AppId,int,4,10,0,YES,NO,NO
AdminReviews,DriverAppId,int,4,10,0,YES,NO,NO
AdminReviews,AdminId,nvarchar,-1,0,0,NO,NO,NO
AdminReviews,Date,datetime,8,23,3,NO,NO,NO
AdminReviews,Decision,nvarchar,-1,0,0,NO,NO,NO
AdminReviews,AdminNotes,nvarchar,-1,0,0,YES,NO,NO
AdminReviews,AgreedWithAi,bit,1,1,0,NO,NO,NO
AIAlerts,AIAlertId,int,4,10,0,NO,YES,NO
AIAlerts,ResidenceId,int,4,10,0,NO,NO,NO
AIAlerts,Title,nvarchar,400,0,0,NO,NO,NO
AIAlerts,Message,nvarchar,8000,0,0,YES,NO,NO
AIAlerts,CreatedAt,datetime,8,23,3,NO,NO,NO
AIAlerts,IsResolved,bit,1,1,0,NO,NO,NO
AIAlerts,ResolvedByUserId,int,4,10,0,YES,NO,NO
AIAlerts,ResolvedAt,datetime,8,23,3,YES,NO,NO
AIAllocationHistories,AllocationHistoryId,int,4,10,0,NO,YES,NO
AIAllocationHistories,StudentId,int,4,10,0,NO,NO,NO
AIAllocationHistories,ResidenceId,int,4,10,0,NO,NO,NO
AIAllocationHistories,RoomId,int,4,10,0,NO,NO,NO
AIAllocationHistories,Score,float,8,53,0,NO,NO,NO
AIAllocationHistories,Confidence,float,8,53,0,NO,NO,NO
AIAllocationHistories,Explanation,nvarchar,8000,0,0,YES,NO,NO
AIAllocationHistories,Accepted,bit,1,1,0,NO,NO,NO
AIAllocationHistories,Overridden,bit,1,1,0,NO,NO,NO
AIAllocationHistories,OverrideReason,nvarchar,2000,0,0,YES,NO,NO
AIAllocationHistories,CreatedDate,datetime,8,23,3,NO,NO,NO
AIRecommendationOverrides,AIRecommendationOverrideId,int,4,10,0,NO,YES,NO
AIRecommendationOverrides,RecommendationId,int,4,10,0,NO,NO,NO
AIRecommendationOverrides,OriginalScore,float,8,53,0,NO,NO,NO
AIRecommendationOverrides,AdminUserId,int,4,10,0,NO,NO,NO
AIRecommendationOverrides,AdminName,nvarchar,-1,0,0,YES,NO,NO
AIRecommendationOverrides,OverrideReason,nvarchar,2000,0,0,YES,NO,NO
AIRecommendationOverrides,NewResidenceId,int,4,10,0,NO,NO,NO
AIRecommendationOverrides,NewRoomId,int,4,10,0,NO,NO,NO
AIRecommendationOverrides,CreatedAt,datetime,8,23,3,NO,NO,NO
AIResidenceRecommendations,RecommendationId,int,4,10,0,NO,YES,NO
AIResidenceRecommendations,StudentId,int,4,10,0,NO,NO,NO
AIResidenceRecommendations,ResidenceId,int,4,10,0,NO,NO,NO
AIResidenceRecommendations,RoomId,int,4,10,0,NO,NO,NO
AIResidenceRecommendations,CompatibilityScore,float,8,53,0,NO,NO,NO
AIResidenceRecommendations,ConfidenceScore,float,8,53,0,NO,NO,NO
AIResidenceRecommendations,Explanation,nvarchar,8000,0,0,YES,NO,NO
AIResidenceRecommendations,GeneratedAt,datetime,8,23,3,NO,NO,NO
AIResidenceRecommendations,Accepted,bit,1,1,0,NO,NO,NO
AIResidenceRecommendations,AcceptedBy,int,4,10,0,YES,NO,NO
AIResidenceRecommendations,AlgorithmVersion,nvarchar,100,0,0,YES,NO,NO
AIWaitingLists,WaitingListId,int,4,10,0,NO,YES,NO
AIWaitingLists,StudentId,int,4,10,0,NO,NO,NO
AIWaitingLists,RequestedAt,datetime,8,23,3,YES,NO,NO
AIWaitingLists,Reason,nvarchar,2000,0,0,YES,NO,NO
AIWaitingLists,Priority,int,4,10,0,NO,NO,NO
AIWaitingLists,NotifiedAdmissions,bit,1,1,0,NO,NO,NO
Applications,AppId,int,4,10,0,NO,YES,NO
Applications,ParentId,int,4,10,0,NO,NO,NO
Applications,StudentId,int,4,10,0,NO,NO,NO
Applications,Date,datetime,8,23,3,NO,NO,NO
Applications,ApplicationYear,int,4,10,0,NO,NO,NO
Applications,GradeApplying,int,4,10,0,NO,NO,NO
Applications,Status,int,4,10,0,NO,NO,NO
Applications,AiReviewSummary,nvarchar,-1,0,0,YES,NO,NO
Applications,AiRecommendation,nvarchar,-1,0,0,YES,NO,NO
Applications,AdditionalNotes,nvarchar,-1,0,0,YES,NO,NO
AppUsers,UserId,int,4,10,0,NO,YES,NO
AppUsers,Name,nvarchar,400,0,0,NO,NO,NO
AppUsers,Email,nvarchar,400,0,0,NO,NO,NO
AppUsers,PasswordHash,nvarchar,-1,0,0,NO,NO,NO
AppUsers,Role,nvarchar,-1,0,0,NO,NO,NO
Assessments,AssessmentId,int,4,10,0,NO,YES,NO
Assessments,TeacherId,int,4,10,0,NO,NO,NO
Assessments,SubjectId,int,4,10,0,NO,NO,NO
Assessments,Grade,int,4,10,0,NO,NO,NO
Assessments,Stream,int,4,10,0,NO,NO,NO
Assessments,Title,nvarchar,400,0,0,NO,NO,NO
Assessments,AssessmentType,nvarchar,100,0,0,NO,NO,NO
Assessments,Term,int,4,10,0,NO,NO,NO
Assessments,AcademicYear,int,4,10,0,NO,NO,NO
Assessments,ScheduledDate,datetime,8,23,3,NO,NO,NO
Assessments,TotalMarks,decimal,9,18,2,NO,NO,NO
Assessments,WeightingPercent,decimal,9,18,2,NO,NO,NO
Assessments,Notes,nvarchar,1000,0,0,YES,NO,NO
Assessments,MarksCaptureClosed,bit,1,1,0,NO,NO,NO
Assessments,CreatedAt,datetime,8,23,3,NO,NO,NO
Attendances,AttendanceId,int,4,10,0,NO,YES,NO
Attendances,Date,datetime,8,23,3,NO,NO,NO
Attendances,Status,int,4,10,0,NO,NO,NO
Attendances,StudentId,int,4,10,0,NO,NO,NO
Attendances,SubjectId,int,4,10,0,NO,NO,NO
Attendances,RecordedBy,nvarchar,-1,0,0,YES,NO,NO
Beds,BedId,int,4,10,0,NO,YES,NO
Beds,RoomId,int,4,10,0,NO,NO,NO
Beds,BedNumber,nvarchar,100,0,0,YES,NO,NO
Beds,IsOccupied,bit,1,1,0,NO,NO,NO
Beds,Status,nvarchar,40,0,0,YES,NO,NO
Beds,OccupiedByStudentId,int,4,10,0,YES,NO,NO
Beds,IsArchived,bit,1,1,0,NO,NO,NO
Categories,Id,int,4,10,0,NO,YES,NO
Categories,Name,nvarchar,200,0,0,NO,NO,NO
Categories,Description,nvarchar,1000,0,0,YES,NO,NO
DisciplinaryConflicts,DisciplinaryConflictId,int,4,10,0,NO,YES,NO
DisciplinaryConflicts,StudentAId,int,4,10,0,NO,NO,NO
DisciplinaryConflicts,StudentBId,int,4,10,0,NO,NO,NO
DisciplinaryConflicts,Reason,nvarchar,-1,0,0,YES,NO,NO
DisciplinaryConflicts,ReportedAt,datetime,8,23,3,NO,NO,NO
Documents,DId,int,4,10,0,NO,YES,NO
Documents,StudentId,int,4,10,0,NO,NO,NO
Documents,AppId,int,4,10,0,NO,NO,NO
Documents,Type,nvarchar,200,0,0,NO,NO,NO
Documents,FilePath,nvarchar,-1,0,0,NO,NO,NO
Documents,FileName,nvarchar,-1,0,0,YES,NO,NO
Documents,ContentType,nvarchar,-1,0,0,YES,NO,NO
Documents,UploadedAt,datetime,8,23,3,NO,NO,NO
DriverApplications,Id,int,4,10,0,NO,YES,NO
DriverApplications,FullName,nvarchar,-1,0,0,NO,NO,NO
DriverApplications,IDNumber,nvarchar,-1,0,0,NO,NO,NO
DriverApplications,PhoneNumber,nvarchar,-1,0,0,NO,NO,NO
DriverApplications,Email,nvarchar,-1,0,0,NO,NO,NO
DriverApplications,LicenceNumber,nvarchar,-1,0,0,NO,NO,NO
DriverApplications,LicenceExpiryDate,datetime,8,23,3,NO,NO,NO
DriverApplications,HasPDP,bit,1,1,0,NO,NO,NO
DriverApplications,DocumentPath,nvarchar,-1,0,0,YES,NO,NO
DriverApplications,Status,nvarchar,-1,0,0,YES,NO,NO
DriverApplications,AdminNotes,nvarchar,-1,0,0,YES,NO,NO
DriverApplications,DateSubmitted,datetime,8,23,3,YES,NO,NO
DriverApplications,ReviewedDate,datetime,8,23,3,YES,NO,NO
DriverApplications,UserId,int,4,10,0,YES,NO,NO
DriverApplications,PublicTokenHash,nvarchar,-1,0,0,YES,NO,NO
DriverApplications,PublicTokenExpiry,datetime,8,23,3,YES,NO,NO
DriverApplications,InterviewDateTime,datetime,8,23,3,YES,NO,NO
DriverApplications,InterviewMeetingLink,nvarchar,-1,0,0,YES,NO,NO
DriverApplications,InterviewEmailSent,bit,1,1,0,NO,NO,NO
DriverApplications,InterviewEmailSentAt,datetime,8,23,3,YES,NO,NO
DriverApplications,AiReviewSummary,nvarchar,-1,0,0,YES,NO,NO
DriverApplications,AiRecommendation,nvarchar,-1,0,0,YES,NO,NO
DriverApplications,AiScore,int,4,10,0,YES,NO,NO
DriverApplications,AiReviewComplete,bit,1,1,0,NO,NO,NO
DriverAvailabilities,Id,int,4,10,0,NO,YES,NO
DriverAvailabilities,DriverId,int,4,10,0,NO,NO,NO
DriverAvailabilities,StartDate,datetime,8,23,3,YES,NO,NO
DriverAvailabilities,EndDate,datetime,8,23,3,NO,NO,NO
DriverAvailabilities,Reason,nvarchar,-1,0,0,NO,NO,NO
DriverAvailabilities,DateCreated,datetime,8,23,3,YES,NO,NO
DriverDocuments,Id,int,4,10,0,NO,YES,NO
DriverDocuments,DriverApplicationId,int,4,10,0,NO,NO,NO
DriverDocuments,FilePath,nvarchar,-1,0,0,YES,NO,NO
DriverDocuments,DocumentType,nvarchar,-1,0,0,YES,NO,NO
DriverDocuments,OtherDocumentType,nvarchar,-1,0,0,YES,NO,NO
Drivers,Id,int,4,10,0,NO,YES,NO
Drivers,FullName,nvarchar,-1,0,0,YES,NO,NO
Drivers,IDNumber,nvarchar,-1,0,0,YES,NO,NO
Drivers,PhoneNumber,nvarchar,-1,0,0,YES,NO,NO
Drivers,Email,nvarchar,-1,0,0,YES,NO,NO
Drivers,LicenceNumber,nvarchar,-1,0,0,YES,NO,NO
Drivers,LicenceExpiryDate,datetime,8,23,3,YES,NO,NO
Drivers,HasPDP,bit,1,1,0,NO,NO,NO
Drivers,IsActive,bit,1,1,0,NO,NO,NO
Drivers,DateCreated,datetime,8,23,3,YES,NO,NO
Drivers,PasswordHash,nvarchar,-1,0,0,YES,NO,NO
Drivers,UserId,int,4,10,0,YES,NO,NO
Drivers,ImageUrl,nvarchar,-1,0,0,YES,NO,NO
EmergencyAlerts,AlertId,int,4,10,0,NO,YES,NO
EmergencyAlerts,InitiatedByStaffId,int,4,10,0,NO,NO,NO
EmergencyAlerts,AlertTime,datetime,8,23,3,NO,NO,NO
EmergencyAlerts,AlertMessage,nvarchar,1000,0,0,NO,NO,NO
EmergencyAlerts,AssemblyLatitude,float,8,53,0,NO,NO,NO
EmergencyAlerts,AssemblyLongitude,float,8,53,0,NO,NO,NO
EmergencyAlerts,AssemblyPointName,nvarchar,200,0,0,YES,NO,NO
EmergencyAlerts,GeofenceRadiusMeters,float,8,53,0,NO,NO,NO
EmergencyAlerts,Status,int,4,10,0,NO,NO,NO
EmergencyAlerts,CreatedDate,datetime,8,23,3,NO,NO,NO
EmergencyAlerts,ResolvedDate,datetime,8,23,3,YES,NO,NO
EmergencyAlerts,ResolvedNotes,nvarchar,1000,0,0,YES,NO,NO
HouseMasters,HouseMasterId,int,4,10,0,NO,YES,NO
HouseMasters,FullName,nvarchar,400,0,0,NO,NO,NO
HouseMasters,ContactEmail,nvarchar,200,0,0,YES,NO,NO
HouseMasters,ContactPhone,nvarchar,40,0,0,YES,NO,NO
HouseMasters,ResidenceId,int,4,10,0,YES,NO,NO
HouseMasters,IsArchived,bit,1,1,0,NO,NO,NO
Invoices,InvoiceId,int,4,10,0,NO,YES,NO
Invoices,InvoiceNumber,nvarchar,-1,0,0,NO,NO,NO
Invoices,RegistrationId,int,4,10,0,NO,NO,NO
Invoices,StudentId,int,4,10,0,NO,NO,NO
Invoices,ParentId,int,4,10,0,NO,NO,NO
Invoices,InvoiceType,nvarchar,-1,0,0,NO,NO,NO
Invoices,Amount,decimal,9,18,2,NO,NO,NO
Invoices,Description,nvarchar,-1,0,0,YES,NO,NO
Invoices,CreatedDate,datetime,8,23,3,NO,NO,NO
Invoices,DueDate,datetime,8,23,3,NO,NO,NO
Invoices,Status,nvarchar,-1,0,0,YES,NO,NO
LeaveRequests,LeaveRequestId,int,4,10,0,NO,YES,NO
LeaveRequests,StudentId,int,4,10,0,NO,NO,NO
LeaveRequests,ParentId,int,4,10,0,NO,NO,NO
LeaveRequests,ResidenceId,int,4,10,0,YES,NO,NO
LeaveRequests,HouseMasterId,int,4,10,0,YES,NO,NO
LeaveRequests,Destination,nvarchar,600,0,0,NO,NO,NO
LeaveRequests,DepartureDateTime,datetime,8,23,3,NO,NO,NO
LeaveRequests,ExpectedReturnDateTime,datetime,8,23,3,NO,NO,NO
LeaveRequests,Reason,nvarchar,1000,0,0,NO,NO,NO
LeaveRequests,Status,nvarchar,80,0,0,NO,NO,NO
LeaveRequests,ParentDecision,nvarchar,40,0,0,YES,NO,NO
LeaveRequests,ParentComments,nvarchar,1000,0,0,YES,NO,NO
LeaveRequests,ParentDecisionAt,datetime,8,23,3,YES,NO,NO
LeaveRequests,HouseMasterDecision,nvarchar,40,0,0,YES,NO,NO
LeaveRequests,HouseMasterComments,nvarchar,1000,0,0,YES,NO,NO
LeaveRequests,HouseMasterDecisionAt,datetime,8,23,3,YES,NO,NO
LeaveRequests,SubmittedAt,datetime,8,23,3,NO,NO,NO
LeaveRequests,IsArchived,bit,1,1,0,NO,NO,NO
Notifications,Id,int,4,10,0,NO,YES,NO
Notifications,UserId,int,4,10,0,NO,NO,NO
Notifications,Message,nvarchar,-1,0,0,YES,NO,NO
Notifications,IsRead,bit,1,1,0,NO,NO,NO
Notifications,CreatedAt,datetime,8,23,3,NO,NO,NO
Notifications,RelatedEntityType,nvarchar,-1,0,0,YES,NO,NO
Notifications,RelatedEntityId,int,4,10,0,NO,NO,NO
Notifications,ResidenceId,int,4,10,0,YES,NO,NO
Notifications,Type,nvarchar,-1,0,0,YES,NO,NO
OrderItems,Id,int,4,10,0,NO,YES,NO
OrderItems,OrderId,int,4,10,0,NO,NO,NO
OrderItems,ProductId,int,4,10,0,NO,NO,NO
OrderItems,Quantity,int,4,10,0,NO,NO,NO
OrderItems,UnitPrice,float,8,53,0,NO,NO,NO
Orders,Id,int,4,10,0,NO,YES,NO
Orders,OrderNumber,nvarchar,100,0,0,NO,NO,NO
Orders,CustomerEmail,nvarchar,400,0,0,NO,NO,NO
Orders,CustomerName,nvarchar,200,0,0,NO,NO,NO
Orders,OrderDate,datetime,8,23,3,NO,NO,NO
Orders,TotalAmount,float,8,53,0,NO,NO,NO
Orders,Status,nvarchar,100,0,0,YES,NO,NO
Orders,Notes,nvarchar,1000,0,0,YES,NO,NO
Parents,ParentId,int,4,10,0,NO,YES,NO
Parents,UserId,int,4,10,0,YES,NO,NO
Parents,Name,nvarchar,400,0,0,NO,NO,NO
Parents,Contact,nvarchar,400,0,0,NO,NO,NO
Parents,CellPhone,nvarchar,40,0,0,YES,NO,NO
Parents,WorkPhone,nvarchar,40,0,0,YES,NO,NO
Parents,HomePhone,nvarchar,40,0,0,YES,NO,NO
Parents,PhysicalAddress,nvarchar,600,0,0,YES,NO,NO
Parents,PostalAddress,nvarchar,600,0,0,YES,NO,NO
Parents,Relationship,nvarchar,200,0,0,YES,NO,NO
Parents,Occupation,nvarchar,400,0,0,YES,NO,NO
Parents,Employer,nvarchar,400,0,0,YES,NO,NO
Parents,EmergencyContactName,nvarchar,400,0,0,YES,NO,NO
Parents,EmergencyContactPhone,nvarchar,40,0,0,YES,NO,NO
Payments,PaymentId,int,4,10,0,NO,YES,NO
Payments,InvoiceId,int,4,10,0,NO,NO,NO
Payments,AmountPaid,decimal,9,18,2,NO,NO,NO
Payments,PaymentDate,datetime,8,23,3,NO,NO,NO
Payments,StripeChargeId,nvarchar,-1,0,0,YES,NO,NO
Payments,StripePaymentIntentId,nvarchar,-1,0,0,YES,NO,NO
Payments,Status,nvarchar,-1,0,0,YES,NO,NO
Payments,PaymentReference,nvarchar,-1,0,0,YES,NO,NO
Payments,ProofEmailSent,bit,1,1,0,NO,NO,NO
Periods,PeriodId,int,4,10,0,NO,YES,NO
Periods,PeriodNumber,int,4,10,0,NO,NO,NO
Periods,StartTime,time,5,16,7,NO,NO,NO
Periods,EndTime,time,5,16,7,NO,NO,NO
Periods,Label,nvarchar,100,0,0,YES,NO,NO
Periods,IsBreak,bit,1,1,0,NO,NO,NO
Products,Id,int,4,10,0,NO,YES,NO
Products,Name,nvarchar,400,0,0,NO,NO,NO
Products,Description,nvarchar,2000,0,0,YES,NO,NO
Products,Price,float,8,53,0,NO,NO,NO
Products,QuantityInStock,int,4,10,0,NO,NO,NO
Products,ReorderLevel,int,4,10,0,NO,NO,NO
Products,ImageUrl,nvarchar,1000,0,0,YES,NO,NO
Products,IsActive,bit,1,1,0,NO,NO,NO
Products,CategoryId,int,4,10,0,NO,NO,NO
PurchaseOrderLines,PurchaseOrderLineId,int,4,10,0,NO,YES,NO
PurchaseOrderLines,PurchaseOrderId,int,4,10,0,NO,NO,NO
PurchaseOrderLines,ProductId,int,4,10,0,NO,NO,NO
PurchaseOrderLines,QuantityOrdered,int,4,10,0,NO,NO,NO
PurchaseOrderLines,UnitCost,decimal,9,18,2,NO,NO,NO
PurchaseOrderLines,QuantityReceived,int,4,10,0,NO,NO,NO
PurchaseOrders,PurchaseOrderId,int,4,10,0,NO,YES,NO
PurchaseOrders,PoNumber,nvarchar,100,0,0,NO,NO,NO
PurchaseOrders,SupplierId,int,4,10,0,NO,NO,NO
PurchaseOrders,Status,int,4,10,0,NO,NO,NO
PurchaseOrders,CreatedAt,datetime,8,23,3,NO,NO,NO
PurchaseOrders,SentAt,datetime,8,23,3,YES,NO,NO
PurchaseOrders,ReceivedAt,datetime,8,23,3,YES,NO,NO
PurchaseOrders,ExpectedDelivery,datetime,8,23,3,YES,NO,NO
PurchaseOrders,Notes,nvarchar,2000,0,0,YES,NO,NO
PurchaseOrders,EmailSent,bit,1,1,0,NO,NO,NO
QRScanRecords,QRScanRecordId,int,4,10,0,NO,YES,NO
QRScanRecords,StudentId,int,4,10,0,NO,NO,NO
QRScanRecords,ResidenceId,int,4,10,0,YES,NO,NO
QRScanRecords,ScannedAt,datetime,8,23,3,NO,NO,NO
QRScanRecords,Action,nvarchar,80,0,0,YES,NO,NO
QRScanRecords,HouseMasterId,int,4,10,0,YES,NO,NO
QRScanRecords,Scanner,nvarchar,400,0,0,YES,NO,NO
QRScanRecords,Approved,bit,1,1,0,NO,NO,NO
QRScanRecords,Reason,nvarchar,2000,0,0,YES,NO,NO
QRScanRecords,IsHoliday,bit,1,1,0,NO,NO,NO
QRScanRecords,OnTrip,bit,1,1,0,NO,NO,NO
QRScanRecords,MedicalRestrictionViolated,bit,1,1,0,NO,NO,NO
QRScanRecords,IsArchived,bit,1,1,0,NO,NO,NO
Registrations,RegistrationId,int,4,10,0,NO,YES,NO
Registrations,AppId,int,4,10,0,NO,NO,NO
Registrations,StudentId,int,4,10,0,NO,NO,NO
Registrations,GradeEnrolling,int,4,10,0,NO,NO,NO
Registrations,Status,int,4,10,0,NO,NO,NO
Registrations,CreatedAt,datetime,8,23,3,NO,NO,NO
Registrations,CompletedAt,datetime,8,23,3,YES,NO,NO
Registrations,Notes,nvarchar,-1,0,0,YES,NO,NO
ResidenceAllocations,ResidenceAllocationId,int,4,10,0,NO,YES,NO
ResidenceAllocations,StudentId,int,4,10,0,NO,NO,NO
ResidenceAllocations,ResidenceId,int,4,10,0,NO,NO,NO
ResidenceAllocations,RoomId,int,4,10,0,NO,NO,NO
ResidenceAllocations,BedId,int,4,10,0,NO,NO,NO
ResidenceAllocations,IsActive,bit,1,1,0,NO,NO,NO
ResidenceAllocations,AllocatedAt,datetime,8,23,3,NO,NO,NO
ResidenceAllocations,ReleasedAt,datetime,8,23,3,YES,NO,NO
ResidenceAllocations,CreatedBy,nvarchar,400,0,0,YES,NO,NO
ResidenceAllocations,CreatedAt,datetime,8,23,3,NO,NO,NO
ResidenceAllocations,UpdatedBy,nvarchar,400,0,0,YES,NO,NO
ResidenceAllocations,UpdatedAt,datetime,8,23,3,YES,NO,NO
ResidenceAllocations,IsArchived,bit,1,1,0,NO,NO,NO
ResidenceAssignments,ResidenceAssignmentId,int,4,10,0,NO,YES,NO
ResidenceAssignments,StudentId,int,4,10,0,NO,NO,NO
ResidenceAssignments,ResidenceId,int,4,10,0,NO,NO,NO
ResidenceAssignments,RoomId,int,4,10,0,NO,NO,NO
ResidenceAssignments,BedId,int,4,10,0,NO,NO,NO
ResidenceAssignments,IsActive,bit,1,1,0,NO,NO,NO
ResidenceAssignments,MoveInDate,datetime,8,23,3,NO,NO,NO
ResidenceAssignments,VacatedDate,datetime,8,23,3,YES,NO,NO
ResidenceAssignments,Status,nvarchar,40,0,0,YES,NO,NO
ResidenceAssignments,IsArchived,bit,1,1,0,NO,NO,NO
ResidenceMovements,ResidenceMovementId,int,4,10,0,NO,YES,NO
ResidenceMovements,StudentId,int,4,10,0,NO,NO,NO
ResidenceMovements,FromResidenceId,int,4,10,0,YES,NO,NO
ResidenceMovements,FromRoomId,int,4,10,0,YES,NO,NO
ResidenceMovements,ToResidenceId,int,4,10,0,YES,NO,NO
ResidenceMovements,ToRoomId,int,4,10,0,YES,NO,NO
ResidenceMovements,PerformedByUserId,int,4,10,0,YES,NO,NO
ResidenceMovements,PerformedByName,nvarchar,-1,0,0,YES,NO,NO
ResidenceMovements,PerformedAt,datetime,8,23,3,NO,NO,NO
ResidenceMovements,Reason,nvarchar,2000,0,0,YES,NO,NO
ResidenceMovements,IsArchived,bit,1,1,0,NO,NO,NO
Residences,ResidenceId,int,4,10,0,NO,YES,NO
Residences,Name,nvarchar,200,0,0,NO,NO,NO
Residences,Gender,nvarchar,40,0,0,YES,NO,NO
Residences,Capacity,int,4,10,0,NO,NO,NO
Residences,OccupiedBeds,int,4,10,0,NO,NO,NO
Residences,HouseMasterId,int,4,10,0,YES,NO,NO
Residences,GradeCategory,nvarchar,-1,0,0,YES,NO,NO
Residences,NearMedicalFacility,bit,1,1,0,NO,NO,NO
Residences,NearHouseMasterOffice,bit,1,1,0,NO,NO,NO
Residences,IsArchived,bit,1,1,0,NO,NO,NO
Residences,ArchivedDate,datetime,8,23,3,YES,NO,NO
Residences,ArchivedBy,nvarchar,-1,0,0,YES,NO,NO
Residences,HouseMaster_HouseMasterId,int,4,10,0,YES,NO,NO
Rooms,RoomId,int,4,10,0,NO,YES,NO
Rooms,RoomNumber,nvarchar,100,0,0,YES,NO,NO
Rooms,Capacity,int,4,10,0,NO,NO,NO
Rooms,OccupiedBeds,int,4,10,0,NO,NO,NO
Rooms,IsFull,bit,1,1,0,NO,NO,NO
Rooms,Floor,int,4,10,0,NO,NO,NO
Rooms,IsGroundFloor,bit,1,1,0,NO,NO,NO
Rooms,IsWheelchairAccessible,bit,1,1,0,NO,NO,NO
Rooms,NearBathroom,bit,1,1,0,NO,NO,NO
Rooms,IsQuietStudyRoom,bit,1,1,0,NO,NO,NO
Rooms,NeedsMaintenance,bit,1,1,0,NO,NO,NO
Rooms,ResidenceId,int,4,10,0,NO,NO,NO
Rooms,IsArchived,bit,1,1,0,NO,NO,NO
RoomScoreAudits,RoomScoreAuditId,int,4,10,0,NO,YES,NO
RoomScoreAudits,RoomId,int,4,10,0,NO,NO,NO
RoomScoreAudits,ResidenceId,int,4,10,0,NO,NO,NO
RoomScoreAudits,StudentId,int,4,10,0,NO,NO,NO
RoomScoreAudits,Score,float,8,53,0,NO,NO,NO
RoomScoreAudits,CalculatedAt,datetime,8,23,3,NO,NO,NO
RoomScoreAudits,Details,nvarchar,-1,0,0,YES,NO,NO
StockMovements,StockMovementId,int,4,10,0,NO,YES,NO
StockMovements,ProductId,int,4,10,0,NO,NO,NO
StockMovements,MovementType,int,4,10,0,NO,NO,NO
StockMovements,Quantity,int,4,10,0,NO,NO,NO
StockMovements,StockAfter,int,4,10,0,NO,NO,NO
StockMovements,Reference,nvarchar,1000,0,0,YES,NO,NO
StockMovements,Notes,nvarchar,1000,0,0,YES,NO,NO
StockMovements,CreatedAt,datetime,8,23,3,NO,NO,NO
StreamEnrolments,StreamEnrolmentId,int,4,10,0,NO,YES,NO
StreamEnrolments,StudentId,int,4,10,0,NO,NO,NO
StreamEnrolments,TeacherId,int,4,10,0,YES,NO,NO
StreamEnrolments,RegistrationId,int,4,10,0,NO,NO,NO
StreamEnrolments,Grade,int,4,10,0,NO,NO,NO
StreamEnrolments,Stream,int,4,10,0,NO,NO,NO
StreamEnrolments,TakesMathematics,bit,1,1,0,NO,NO,NO
StreamEnrolments,EnrolledAt,datetime,8,23,3,NO,NO,NO
StudentAttendanceTokens,Id,int,4,10,0,NO,YES,NO
StudentAttendanceTokens,StudentId,int,4,10,0,NO,NO,NO
StudentAttendanceTokens,TripScheduleId,int,4,10,0,NO,NO,NO
StudentAttendanceTokens,Token,nvarchar,-1,0,0,YES,NO,NO
StudentAttendanceTokens,Type,nvarchar,-1,0,0,YES,NO,NO
StudentAttendanceTokens,IsUsed,bit,1,1,0,NO,NO,NO
StudentAttendanceTokens,CreatedAt,datetime,8,23,3,NO,NO,NO
StudentAttendanceTokens,ExpiryDate,datetime,8,23,3,YES,NO,NO
StudentMarks,StudentMarkId,int,4,10,0,NO,YES,NO
StudentMarks,AssessmentmentId,int,4,10,0,NO,NO,NO
StudentMarks,StudentId,int,4,10,0,NO,NO,NO
StudentMarks,MarksObtained,decimal,9,18,2,YES,NO,NO
StudentMarks,IsAbsent,bit,1,1,0,NO,NO,NO
StudentMarks,TeacherComment,nvarchar,600,0,0,YES,NO,NO
StudentMarks,CapturedAt,datetime,8,23,3,YES,NO,NO
StudentMarks,Subject_SubjectId,int,4,10,0,YES,NO,NO
StudentProfiles,StudentId,int,4,10,0,NO,NO,NO
StudentProfiles,AcademicStream,nvarchar,-1,0,0,YES,NO,NO
StudentProfiles,Grade,nvarchar,-1,0,0,YES,NO,NO
StudentProfiles,PreferredName,nvarchar,200,0,0,YES,NO,NO
StudentProfiles,Gender,nvarchar,100,0,0,YES,NO,NO
StudentProfiles,HomeLanguage,nvarchar,200,0,0,YES,NO,NO
StudentProfiles,Nationality,nvarchar,200,0,0,YES,NO,NO
StudentProfiles,LearningStyle,nvarchar,200,0,0,YES,NO,NO
StudentProfiles,AcademicInterests,nvarchar,-1,0,0,YES,NO,NO
StudentProfiles,ElectiveSubjects,nvarchar,-1,0,0,YES,NO,NO
StudentProfiles,Sports,nvarchar,-1,0,0,YES,NO,NO
StudentProfiles,ClubsAndSocieties,nvarchar,-1,0,0,YES,NO,NO
StudentProfiles,LeadershipRoles,nvarchar,-1,0,0,YES,NO,NO
StudentProfiles,CulturalActivities,nvarchar,-1,0,0,YES,NO,NO
StudentProfiles,Allergies,nvarchar,-1,0,0,YES,NO,NO
StudentProfiles,Disabilities,nvarchar,-1,0,0,YES,NO,NO
StudentProfiles,MedicalConditions,nvarchar,-1,0,0,YES,NO,NO
StudentProfiles,EmergencyMedication,nvarchar,-1,0,0,YES,NO,NO
StudentProfiles,MobilityRequirements,nvarchar,-1,0,0,YES,NO,NO
StudentProfiles,AccessibilityRequired,bit,1,1,0,NO,NO,NO
StudentProfiles,AccessibilityNotes,nvarchar,-1,0,0,YES,NO,NO
StudentProfiles,MedicalAccommodationRequired,bit,1,1,0,NO,NO,NO
StudentProfiles,MedicalAccommodationNotes,nvarchar,-1,0,0,YES,NO,NO
StudentProfiles,PreviousResidenceId,int,4,10,0,YES,NO,NO
StudentProfiles,PreviousRoomId,int,4,10,0,YES,NO,NO
StudentProfiles,PreviousRoommateIds,nvarchar,-1,0,0,YES,NO,NO
StudentProfiles,EnvironmentPreference,nvarchar,100,0,0,YES,NO,NO
StudentProfiles,RoutinePreference,nvarchar,100,0,0,YES,NO,NO
StudentProfiles,ActivityPreference,nvarchar,100,0,0,YES,NO,NO
StudentProfiles,StudyPreference,nvarchar,100,0,0,YES,NO,NO
StudentProfiles,SocialPreference,nvarchar,100,0,0,YES,NO,NO
StudentProfiles,StudyStyle,nvarchar,200,0,0,YES,NO,NO
StudentProfiles,SocialScore,int,4,10,0,NO,NO,NO
StudentProfiles,LeadershipScore,int,4,10,0,NO,NO,NO
StudentProfiles,ActivityScore,int,4,10,0,NO,NO,NO
StudentProfiles,MorningRoutine,nvarchar,200,0,0,YES,NO,NO
StudentProfiles,CompatibilityTraits,nvarchar,-1,0,0,YES,NO,NO
StudentProfiles,IsProfileComplete,bit,1,1,0,NO,NO,NO
StudentProfiles,CompletedStep,int,4,10,0,NO,NO,NO
StudentProfiles,ProfileCompletedAt,datetime,8,23,3,YES,NO,NO
StudentProfiles,BoardingProfileGeneratedAt,datetime,8,23,3,YES,NO,NO
StudentProfiles,Email,nvarchar,400,0,0,YES,NO,NO
StudentProfiles,PhoneNumber,nvarchar,40,0,0,YES,NO,NO
StudentProfiles,ProfilePhotoUrl,nvarchar,1000,0,0,YES,NO,NO
StudentProfiles,IsActive,bit,1,1,0,NO,NO,NO
StudentProfiles,BoardingStatus,nvarchar,60,0,0,YES,NO,NO
StudentProfiles,LastCheckIn,datetime,8,23,3,YES,NO,NO
StudentProfiles,LastCheckOut,datetime,8,23,3,YES,NO,NO
StudentProfiles,HolidayDepartureDate,datetime,8,23,3,YES,NO,NO
StudentProfiles,HolidayExpectedReturnDate,datetime,8,23,3,YES,NO,NO
StudentProfiles,SuspensionReason,nvarchar,1000,0,0,YES,NO,NO
StudentProfiles,SuspensionDate,datetime,8,23,3,YES,NO,NO
StudentProfiles,SuspensionEndDate,datetime,8,23,3,YES,NO,NO
StudentQRCodes,QRCodeId,int,4,10,0,NO,YES,NO
StudentQRCodes,StudentId,int,4,10,0,NO,NO,NO
StudentQRCodes,QRCodeValue,nvarchar,1024,0,0,NO,NO,NO
StudentQRCodes,QRImage,varbinary,-1,0,0,YES,NO,NO
StudentQRCodes,DateGenerated,datetime,8,23,3,NO,NO,NO
StudentQRCodes,IsActive,bit,1,1,0,NO,NO,NO
StudentQRCodes,RegeneratedFromId,int,4,10,0,YES,NO,NO
Students,StudentId,int,4,10,0,NO,YES,NO
Students,FirstName,nvarchar,400,0,0,NO,NO,NO
Students,LastName,nvarchar,400,0,0,NO,NO,NO
Students,DOB,datetime,8,23,3,NO,NO,NO
Students,HomeLanguage,nvarchar,100,0,0,YES,NO,NO
Students,IdNumber,nvarchar,40,0,0,YES,NO,NO
Students,IsBoarding,bit,1,1,0,NO,NO,NO
Students,IsActive,bit,1,1,0,NO,NO,NO
Students,PreviousSchool,nvarchar,400,0,0,YES,NO,NO
Students,CurrentGrade,nvarchar,100,0,0,YES,NO,NO
Students,MedicalConditions,nvarchar,1000,0,0,YES,NO,NO
Students,ParentId,int,4,10,0,NO,NO,NO
Students,UserId,int,4,10,0,YES,NO,NO
Students,StudentNumber,nvarchar,-1,0,0,YES,NO,NO
Students,GradeLevel,int,4,10,0,NO,NO,NO
Students,EnrollmentDate,datetime,8,23,3,NO,NO,NO
Students,ClassId,int,4,10,0,YES,NO,NO
Students,ResidenceId,int,4,10,0,YES,NO,NO
StudentSafetyConfirmations,ConfirmationId,int,4,10,0,NO,YES,NO
StudentSafetyConfirmations,AlertId,int,4,10,0,NO,NO,NO
StudentSafetyConfirmations,StudentId,int,4,10,0,NO,NO,NO
StudentSafetyConfirmations,ConfirmationTime,datetime,8,23,3,NO,NO,NO
StudentSafetyConfirmations,StudentLatitude,float,8,53,0,NO,NO,NO
StudentSafetyConfirmations,StudentLongitude,float,8,53,0,NO,NO,NO
StudentSafetyConfirmations,WithinGeofence,bit,1,1,0,NO,NO,NO
StudentSafetyConfirmations,DistanceFromAssemblyPointMeters,float,8,53,0,NO,NO,NO
StudentSafetyConfirmations,Status,int,4,10,0,NO,NO,NO
StudentSubjects,StudentSubjectId,int,4,10,0,NO,YES,NO
StudentSubjects,StudentId,int,4,10,0,NO,NO,NO
StudentSubjects,SubjectId,int,4,10,0,NO,NO,NO
StudentSubjects,Stream,int,4,10,0,NO,NO,NO
StudentSubjects,IsCompulsory,bit,1,1,0,NO,NO,NO
Subjects,SubjectId,int,4,10,0,NO,YES,NO
Subjects,Name,nvarchar,400,0,0,NO,NO,NO
Subjects,Code,nvarchar,100,0,0,YES,NO,NO
Subjects,Stream,int,4,10,0,NO,NO,NO
Subjects,IsCompulsory,bit,1,1,0,NO,NO,NO
Subjects,IsLanguage,bit,1,1,0,NO,NO,NO
Subjects,IsMathsOption,bit,1,1,0,NO,NO,NO
Subjects,RequiresMaths,bit,1,1,0,NO,NO,NO
Subjects,ApplicableGrades,nvarchar,-1,0,0,YES,NO,NO
Subjects,SortOrder,int,4,10,0,NO,NO,NO
Subjects,GradeLevel,int,4,10,0,NO,NO,NO
Subjects,TeacherId,int,4,10,0,YES,NO,NO
SupplierProducts,SupplierProductId,int,4,10,0,NO,YES,NO
SupplierProducts,SupplierId,int,4,10,0,NO,NO,NO
SupplierProducts,ProductId,int,4,10,0,NO,NO,NO
SupplierProducts,UnitCost,decimal,9,18,2,NO,NO,NO
SupplierProducts,SupplierSku,nvarchar,200,0,0,YES,NO,NO
SupplierProducts,IsPreferred,bit,1,1,0,NO,NO,NO
SupplierProducts,MinOrderQty,int,4,10,0,NO,NO,NO
SupplierProducts,LeadTimeDays,int,4,10,0,NO,NO,NO
Suppliers,SupplierId,int,4,10,0,NO,YES,NO
Suppliers,Name,nvarchar,400,0,0,NO,NO,NO
Suppliers,ContactPerson,nvarchar,200,0,0,YES,NO,NO
Suppliers,Email,nvarchar,400,0,0,YES,NO,NO
Suppliers,Phone,nvarchar,40,0,0,YES,NO,NO
Suppliers,Address,nvarchar,1000,0,0,YES,NO,NO
Suppliers,Website,nvarchar,400,0,0,YES,NO,NO
Suppliers,PaymentTermsDays,int,4,10,0,NO,NO,NO
Suppliers,IsActive,bit,1,1,0,NO,NO,NO
Suppliers,CreatedAt,datetime,8,23,3,NO,NO,NO
TeacherAttendances,TeacherAttendanceId,int,4,10,0,NO,YES,NO
TeacherAttendances,Date,datetime,8,23,3,NO,NO,NO
TeacherAttendances,SignInTime,datetime,8,23,3,YES,NO,NO
TeacherAttendances,SignOutTime,datetime,8,23,3,YES,NO,NO
TeacherAttendances,Status,int,4,10,0,NO,NO,NO
TeacherAttendances,IsVerified,bit,1,1,0,NO,NO,NO
TeacherAttendances,TeacherId,int,4,10,0,NO,NO,NO
Teachers,TeacherId,int,4,10,0,NO,YES,NO
Teachers,FirstName,nvarchar,200,0,0,NO,NO,NO
Teachers,LastName,nvarchar,200,0,0,NO,NO,NO
Teachers,Email,nvarchar,400,0,0,NO,NO,NO
Teachers,Phone,nvarchar,40,0,0,YES,NO,NO
Teachers,Specialization,nvarchar,-1,0,0,YES,NO,NO
Teachers,HireDate,datetime,8,23,3,NO,NO,NO
Teachers,UserId,int,4,10,0,YES,NO,NO
TeacherSubjectGrades,TeacherSubjectGradeId,int,4,10,0,NO,YES,NO
TeacherSubjectGrades,TeacherId,int,4,10,0,NO,NO,NO
TeacherSubjectGrades,SubjectId,int,4,10,0,NO,NO,NO
TeacherSubjectGrades,Grade,int,4,10,0,NO,NO,NO
TeacherSubjectGrades,Stream,int,4,10,0,NO,NO,NO
TermCalendars,CalendarId,int,4,10,0,NO,YES,NO
TermCalendars,EventTitle,nvarchar,200,0,0,NO,NO,NO
TermCalendars,StartDate,datetime,8,23,3,NO,NO,NO
TermCalendars,EndDate,datetime,8,23,3,NO,NO,NO
TermCalendars,IsClosedWeekend,bit,1,1,0,NO,NO,NO
TermResults,TermResultId,int,4,10,0,NO,YES,NO
TermResults,StudentId,int,4,10,0,NO,NO,NO
TermResults,SubjectId,int,4,10,0,NO,NO,NO
TermResults,Grade,int,4,10,0,NO,NO,NO
TermResults,Term,int,4,10,0,NO,NO,NO
TermResults,AcademicYear,int,4,10,0,NO,NO,NO
TermResults,TermMarkPercent,decimal,9,18,2,NO,NO,NO
TermResults,Symbol,nvarchar,4,0,0,YES,NO,NO
TermResults,Passed,bit,1,1,0,NO,NO,NO
TermResults,CalculatedAt,datetime,8,23,3,NO,NO,NO
TimetableSlots,SlotId,int,4,10,0,NO,YES,NO
TimetableSlots,AcademicYear,int,4,10,0,NO,NO,NO
TimetableSlots,DayOfWeek,int,4,10,0,NO,NO,NO
TimetableSlots,PeriodId,int,4,10,0,NO,NO,NO
TimetableSlots,TeacherId,int,4,10,0,NO,NO,NO
TimetableSlots,SubjectId,int,4,10,0,NO,NO,NO
TimetableSlots,Grade,int,4,10,0,NO,NO,NO
TimetableSlots,Stream,int,4,10,0,NO,NO,NO
TimetableSlots,Subject_SubjectId,int,4,10,0,YES,NO,NO
TripRequests,Id,int,4,10,0,NO,YES,NO
TripRequests,TeacherId,int,4,10,0,NO,NO,NO
TripRequests,Title,nvarchar,400,0,0,NO,NO,NO
TripRequests,Description,nvarchar,-1,0,0,YES,NO,NO
TripRequests,DepartureTime,datetime,8,23,3,NO,NO,NO
TripRequests,ReturnTime,datetime,8,23,3,NO,NO,NO
TripRequests,Destination,nvarchar,-1,0,0,YES,NO,NO
TripRequests,MaxStudents,int,4,10,0,NO,NO,NO
TripRequests,Status,nvarchar,40,0,0,YES,NO,NO
TripRequests,RejectionReason,nvarchar,1000,0,0,YES,NO,NO
TripRequests,RequestedAt,datetime,8,23,3,NO,NO,NO
TripRequests,ApprovedByAdminId,int,4,10,0,YES,NO,NO
TripRequests,ApprovedAt,datetime,8,23,3,YES,NO,NO
TripRequests,DestinationLat,float,8,53,0,YES,NO,NO
TripRequests,DestinationLng,float,8,53,0,YES,NO,NO
TripRequests,RebookedFromId,int,4,10,0,YES,NO,NO
TripSchedules,Id,int,4,10,0,NO,YES,NO
TripSchedules,TripRequestId,int,4,10,0,NO,NO,NO
TripSchedules,TeacherId,int,4,10,0,NO,NO,NO
TripSchedules,ScheduledDate,datetime,8,23,3,NO,NO,NO
TripSchedules,Status,nvarchar,40,0,0,YES,NO,NO
TripSchedules,DriverId,int,4,10,0,YES,NO,NO
TripSchedules,VehicleId,int,4,10,0,YES,NO,NO
TripSchedules,Notes,nvarchar,1000,0,0,YES,NO,NO
TripStudents,Id,int,4,10,0,NO,YES,NO
TripStudents,TripScheduleId,int,4,10,0,NO,NO,NO
TripStudents,StudentId,int,4,10,0,NO,NO,NO
TripStudents,IsPresentBefore,bit,1,1,0,YES,NO,NO
TripStudents,IsPresentAfter,bit,1,1,0,YES,NO,NO
TripStudents,MarkedBeforeBy,nvarchar,-1,0,0,YES,NO,NO
TripStudents,MarkedAfterBy,nvarchar,-1,0,0,YES,NO,NO
TripStudents,MarkedBeforeAt,datetime,8,23,3,YES,NO,NO
TripStudents,MarkedAfterAt,datetime,8,23,3,YES,NO,NO
TripVehicleAssignments,Id,int,4,10,0,NO,YES,NO
TripVehicleAssignments,TripScheduleId,int,4,10,0,NO,NO,NO
TripVehicleAssignments,VehicleId,int,4,10,0,NO,NO,NO
TripVehicleAssignments,DriverId,int,4,10,0,NO,NO,NO
TripVehicleAssignments,AllocatedSeats,int,4,10,0,NO,NO,NO
TripVehicleAssignments,CreatedAt,datetime,8,23,3,NO,NO,NO
VehicleIssues,Id,int,4,10,0,NO,YES,NO
VehicleIssues,DriverId,int,4,10,0,NO,NO,NO
VehicleIssues,VehicleId,int,4,10,0,NO,NO,NO
VehicleIssues,Description,nvarchar,-1,0,0,YES,NO,NO
VehicleIssues,DateReported,datetime,8,23,3,NO,NO,NO
VehicleIssues,Status,nvarchar,-1,0,0,YES,NO,NO
Vehicles,Id,int,4,10,0,NO,YES,NO
Vehicles,VehicleNumber,nvarchar,-1,0,0,NO,NO,NO
Vehicles,Model,nvarchar,-1,0,0,NO,NO,NO
Vehicles,Type,nvarchar,-1,0,0,NO,NO,NO
Vehicles,Capacity,int,4,10,0,NO,NO,NO
Vehicles,IsActive,bit,1,1,0,NO,NO,NO
Vehicles,DateAdded,datetime,8,23,3,NO,NO,NO
Vehicles,ImageUrl,nvarchar,-1,0,0,YES,NO,NO
VisitorAccessRequests,RequestId,int,4,10,0,NO,YES,NO
VisitorAccessRequests,StudentId,int,4,10,0,NO,NO,NO
VisitorAccessRequests,BoardingHouseName,nvarchar,100,0,0,NO,NO,NO
VisitorAccessRequests,VisitorFullName,nvarchar,200,0,0,NO,NO,NO
VisitorAccessRequests,VisitorPhone,nvarchar,30,0,0,NO,NO,NO
VisitorAccessRequests,VisitorIdOrPassport,nvarchar,26,0,0,YES,NO,NO
VisitorAccessRequests,RelationshipToBoy,nvarchar,100,0,0,NO,NO,NO
VisitorAccessRequests,IsParentOrGuardian,bit,1,1,0,NO,NO,NO
VisitorAccessRequests,VisitorEmail,nvarchar,200,0,0,NO,NO,NO
VisitorAccessRequests,VisitDate,datetime,8,23,3,NO,NO,NO
VisitorAccessRequests,StartTime,time,5,16,7,NO,NO,NO
VisitorAccessRequests,EndTime,time,5,16,7,NO,NO,NO
VisitorAccessRequests,RequestedZone,int,4,10,0,NO,NO,NO
VisitorAccessRequests,FinalAssignedZone,int,4,10,0,YES,NO,NO
VisitorAccessRequests,PurposeOfVisit,nvarchar,500,0,0,NO,NO,NO
VisitorAccessRequests,Status,int,4,10,0,NO,NO,NO
VisitorAccessRequests,HousemasterRemarks,nvarchar,-1,0,0,YES,NO,NO
VisitorAccessRequests,ActionedByHousemasterId,int,4,10,0,YES,NO,NO
VisitorAccessRequests,ActionedAt,datetime,8,23,3,YES,NO,NO
VisitorAccessRequests,AccessGatePassCode,nvarchar,-1,0,0,YES,NO,NO
VisitorAccessRequests,CreatedAt,datetime,8,23,3,NO,NO,NO
YearResults,YearResultId,int,4,10,0,NO,YES,NO
YearResults,StudentId,int,4,10,0,NO,NO,NO
YearResults,Grade,int,4,10,0,NO,NO,NO
YearResults,AcademicYear,int,4,10,0,NO,NO,NO
YearResults,OverallPercent,decimal,9,18,2,NO,NO,NO
YearResults,PromotionStatus,nvarchar,40,0,0,NO,NO,NO
YearResults,AdminNotes,nvarchar,1000,0,0,YES,NO,NO
YearResults,CalculatedAt,datetime,8,23,3,NO,NO,NO
