name,url,username,password,note
System Admin,https://localhost:44321/Account/Login,admin@michaelhouse.co.za,qwerty,Admin
John Staff,https://localhost:44321/Account/Login,j.staff@michaelhouse.org,??,Teacher
Thabo Parent,https://localhost:44321/Account/Login,thabo.parent@demo.com,qwerty,Parent
Lerato Parent,https://localhost:44321/Account/Login,lerato.parent@demo.com,qwerty,Parent
Sipho Parent,https://localhost:44321/Account/Login,sipho.parent@demo.com,qwerty,Parent
Zanele Parent,https://localhost:44321/Account/Login,zanele.parent@demo.com,qwerty,Parent
Demo Parent,https://localhost:44321/Account/Login,parent@demo.com,qwerty,Parent
Busi Naidoo,https://localhost:44321/Account/Login,busi.n@gmail.com,qwerty,Parent
Johannes Steyn,https://localhost:44321/Account/Login,jsteyn@mweb.co.za,qwerty,Parent
Lindiwe Mazibuko,https://localhost:44321/Account/Login,lindi.mazi@outlook.com,qwerty,Parent
David Mokwena,https://localhost:44321/Account/Login,dmokwena@work.co.za,qwerty,Parent
Sarah Pillay,https://localhost:44321/Account/Login,spillay@fnb.co.za,qwerty,Parent
Nomvula Zuma,https://localhost:44321/Account/Login,nomvula.z@webmail.co.za,qwerty,Parent
Kevin Naidoo,https://localhost:44321/Account/Login,k.naidoo@telkomsa.net,qwerty,Parent
Thabo Nkosi,https://localhost:44321/Account/Login,thabo.nkosi@student.michaelhouse.org,qwerty,Student
Lerato Molefe,https://localhost:44321/Account/Login,lerato.molefe@student.michaelhouse.org,qwerty,Student
Sipho Dlamini,https://localhost:44321/Account/Login,sipho.dlamini@student.michaelhouse.org,qwerty,Student
Zanele Khumalo,https://localhost:44321/Account/Login,zanele.khumalo@student.michaelhouse.org,qwerty,Student
Bongani Ndlovu,https://localhost:44321/Account/Login,bongani.ndlovu@student.michaelhouse.org,qwerty,Student
Nandi Mokoena,https://localhost:44321/Account/Login,nandi.mokoena@student.michaelhouse.org,qwerty,Student
Sibusiso Gumede,https://localhost:44321/Account/Login,sibusiso.gumede@student.michaelhouse.org,qwerty,Student
Kungawo Ndlovu,https://localhost:44321/Account/Login,kungawo.ndlovu@student.michaelhouse.org,qwerty,Student
Thandi Mbatha,https://localhost:44321/Account/Login,thandi.mbatha@student.michaelhouse.org,qwerty,Student
Lethabo Baloyi,https://localhost:44321/Account/Login,lethabo.baloyi@student.michaelhouse.org,qwerty,Student
Melokuhle Mabuza,https://localhost:44321/Account/Login,melokuhle.mabuza@student.michaelhouse.org,qwerty,Student
Siyabonga Mokoena,https://localhost:44321/Account/Login,siyabonga.mokoena@student.michaelhouse.org,qwerty,Student
Bandile Jacobs,https://localhost:44321/Account/Login,bandile.jacobs@student.michaelhouse.org,qwerty,Student
Palesa Van Wyk,https://localhost:44321/Account/Login,palesa.van wyk@student.michaelhouse.org,qwerty,Student
Lubanzi Mokoena,https://localhost:44321/Account/Login,lubanzi.mokoena@student.michaelhouse.org,qwerty,Student
Amahle Dlamini,https://localhost:44321/Account/Login,amahle.dlamini@student.michaelhouse.org,qwerty,Student
Onalerona Sibiya,https://localhost:44321/Account/Login,onalerona.sibiya@student.michaelhouse.org,qwerty,Student
Nkazimulo Zuma,https://localhost:44321/Account/Login,nkazimulo.zuma@student.michaelhouse.org,qwerty,Student
Zanokuhle Buthelezi,https://localhost:44321/Account/Login,zanokuhle.buthelezi@student.michaelhouse.org,qwerty,Student
Thandolwethu Nkosi,https://localhost:44321/Account/Login,thandolwethu.nkosi@student.michaelhouse.org,qwerty,Student
Enzokuhle Mbewe,https://localhost:44321/Account/Login,enzokuhle.mbewe@student.michaelhouse.org,qwerty,Student
Iminathi Tshabalala,https://localhost:44321/Account/Login,iminathi.tshabalala@student.michaelhouse.org,qwerty,Student
Bandile Mabaso,https://localhost:44321/Account/Login,bandile.mabaso@student.michaelhouse.org,qwerty,Student
Minenhle Zwane,https://localhost:44321/Account/Login,minenhle.zwane@student.michaelhouse.org,qwerty,Student
Bokamoso Molefe,https://localhost:44321/Account/Login,bokamoso.molefe@student.michaelhouse.org,qwerty,Student
Lethabo Zuma,https://localhost:44321/Account/Login,lethabo.zuma@student.michaelhouse.org,qwerty,Student
Onalerona Zuma,https://localhost:44321/Account/Login,onalerona.zuma@student.michaelhouse.org,qwerty,Student
Nkazimulo Naidoo,https://localhost:44321/Account/Login,nkazimulo.naidoo@student.michaelhouse.org,qwerty,Student
Melokuhle Naidoo,https://localhost:44321/Account/Login,melokuhle.naidoo@student.michaelhouse.org,qwerty,Student
Zanokuhle Naidoo,https://localhost:44321/Account/Login,zanokuhle.naidoo@student.michaelhouse.org,qwerty,Student
Sibusiso Mthembu,https://localhost:44321/Account/Login,sibusiso@michaelhouse.com,123456,Driver
Thabo Khumalo,https://localhost:44321/Account/Login,thabo@michaelhouse.com,123456,Driver
Mandla Dlamini,https://localhost:44321/Account/Login,mandla@michaelhouse.com,123456,Driver
Sipho Zulu,https://localhost:44321/Account/Login,sipho@michaelhouse.com,123456,Driver
Themba Nkosi,https://localhost:44321/Account/Login,themba@michaelhouse.co.za,123456,Driver
Thabo Mkhize,https://localhost:44321/Account/Login,thabo@michaelhouse.co.za,123456,Driver
Andile Zulu,https://localhost:44321/Account/Login,andile@michaelhouse.co.za,123456,Driver
Nkosi Khumalo,https://localhost:44321/Account/Login,nkosi@michaelhouse.co.za,123456,Driver
Greg Johnson,https://localhost:44321/Account/Login,transport@michaelhouse.co.za,Transport@123,TransportManager
Andre Van Kok,https://localhost:44321/Account/Login,inventory@michaelhouse.co.za,Stock@123,InventoryManager
Mr. James Mokoena,https://localhost:44321/Account/Login,j.mokoena@michaelhouse.org,Manager@123,MaintenanceManager
Sipho Dlamini,https://localhost:44321/Account/Login,s.dlamini@michaelhouse.org,Worker@123,MaintenanceWorker
Bongani Nkosi,https://localhost:44321/Account/Login,b.nkosi@michaelhouse.org,Worker@123,MaintenanceWorker
Eric Mthembu,https://localhost:44321/Account/Login,e.mthembu@michaelhouse.org,Worker@123,MaintenanceWorker
Thabo Zulu,https://localhost:44321/Account/Login,t.zulu@michaelhouse.org,Worker@123,MaintenanceWorker
Lungelo Mbatha,https://localhost:44321/Account/Login,l.mbatha@michaelhouse.org,Worker@123,MaintenanceWorker
Sifiso Khumalo,https://localhost:44321/Account/Login,s.khumalo@michaelhouse.org,Worker@123,MaintenanceWorker
Nhlanhla Mokoena,https://localhost:44321/Account/Login,n.mokoena@michaelhouse.org,Worker@123,MaintenanceWorker
Mandla Cele,https://localhost:44321/Account/Login,m.cele@michaelhouse.org,Worker@123,MaintenanceWorker
Sandile Ntanzi,https://localhost:44321/Account/Login,s.ntanzi@michaelhouse.org,Worker@123,MaintenanceWorker
Phumzile Mhlongo,https://localhost:44321/Account/Login,p.mhlongo@michaelhouse.org,Worker@123,MaintenanceWorker
Mr. David Hutchinson,https://localhost:44321/Account/Login,d.hutchinson@michaelhouse.org,Report@123,FaultReporter
Mr. Peter van der Merwe,https://localhost:44321/Account/Login,p.vandermerwe@michaelhouse.org,Report@123,FaultReporter
Mr. Simon Ndlovu,https://localhost:44321/Account/Login,s.ndlovu@michaelhouse.org,Report@123,FaultReporter
Ms. Nompumelelo Dube,https://localhost:44321/Account/Login,n.dube@michaelhouse.org,Report@123,FaultReporter
Mr James Harrington,https://localhost:44321/Account/Login,founders.hm@michaelhouse.co.za,HouseMaster@123,HouseMaster
Ms Nomvula Dlamini,https://localhost:44321/Account/Login,baines.hm@michaelhouse.co.za,HouseMaster@123,HouseMaster
Mr Andrew Naidoo,https://localhost:44321/Account/Login,tatham.hm@michaelhouse.co.za,HouseMaster@123,HouseMaster
Ms Sarah Mokoena,https://localhost:44321/Account/Login,churchill.hm@michaelhouse.co.za,HouseMaster@123,HouseMaster
